Sr No.,Date,Gender,Age,Product Category,Quantity,Price per Unit,Total Amount,Month Name ,Age Group
0,24-11-2023,Male,34,Beauty,3,50,150,November,25-34
1,27-02-2023,Female,26,Clothing,2,500,1000,February,25-34
2,13-01-2023,Male,50,Electronics,1,30,30,January,45+
3,21-05-2023,Male,37,Clothing,1,500,500,May,35-44
4,06-05-2023,Male,30,Beauty,2,50,100,May,25-34
5,25-04-2023,Female,45,Beauty,1,30,30,April,45+
6,13-03-2023,Male,46,Clothing,2,25,50,March,45+
7,22-02-2023,Male,30,Electronics,4,25,100,February,25-34
8,13-12-2023,Male,63,Electronics,2,300,600,December,45+
9,07-10-2023,Female,52,Clothing,4,50,200,October,45+
10,14-02-2023,Male,23,Clothing,2,50,100,February,18-24
11,30-10-2023,Male,35,Beauty,3,25,75,October,35-44
12,05-08-2023,Male,22,Electronics,3,500,1500,August,18-24
13,17-01-2023,Male,64,Clothing,4,30,120,January,45+
14,16-01-2023,Female,42,Electronics,4,500,2000,January,35-44
15,17-02-2023,Male,19,Clothing,3,500,1500,February,18-24
16,22-04-2023,Female,27,Clothing,4,25,100,April,25-34
17,30-04-2023,Female,47,Electronics,2,25,50,April,45+
18,16-09-2023,Female,62,Clothing,2,25,50,September,45+
19,05-11-2023,Male,22,Clothing,3,300,900,November,18-24
20,14-01-2023,Female,50,Beauty,1,500,500,January,45+
21,15-10-2023,Male,18,Clothing,2,50,100,October,18-24
22,12-04-2023,Female,35,Clothing,4,30,120,April,35-44
23,29-11-2023,Female,49,Clothing,1,300,300,November,45+
24,26-12-2023,Female,64,Beauty,1,50,50,December,45+
25,07-10-2023,Female,28,Electronics,2,500,1000,October,25-34
26,03-08-2023,Female,38,Beauty,2,25,50,August,35-44
27,23-04-2023,Female,43,Beauty,1,500,500,April,35-44
28,18-08-2023,Female,42,Electronics,1,30,30,August,35-44
29,29-10-2023,Female,39,Beauty,3,300,900,October,35-44
30,23-05-2023,Male,44,Electronics,4,300,1200,May,35-44
31,04-01-2023,Male,30,Beauty,3,30,90,January,25-34
32,23-03-2023,Female,50,Electronics,2,50,100,March,45+
33,24-12-2023,Female,51,Clothing,3,50,150,December,45+
34,05-08-2023,Female,58,Beauty,3,300,900,August,45+
35,24-06-2023,Male,52,Beauty,3,300,900,June,45+
36,23-05-2023,Female,18,Beauty,3,25,75,May,18-24
37,21-03-2023,Male,38,Beauty,4,50,200,March,35-44
38,21-04-2023,Male,23,Clothing,4,30,120,April,18-24
39,22-06-2023,Male,45,Beauty,1,50,50,June,45+
40,22-02-2023,Male,34,Clothing,2,25,50,February,25-34
41,17-02-2023,Male,22,Clothing,3,300,900,February,18-24
42,14-07-2023,Female,48,Clothing,1,300,300,July,45+
43,19-02-2023,Female,22,Clothing,1,25,25,February,18-24
44,03-07-2023,Female,55,Electronics,1,30,30,July,45+
45,26-06-2023,Female,20,Electronics,4,300,1200,June,18-24
46,06-11-2023,Female,40,Beauty,3,500,1500,November,35-44
47,16-05-2023,Male,54,Electronics,3,300,900,May,45+
48,23-01-2023,Female,54,Electronics,2,500,1000,January,45+
49,24-08-2023,Female,27,Beauty,3,25,75,August,25-34
50,02-10-2023,Male,27,Beauty,3,25,75,October,25-34
51,05-03-2023,Female,36,Beauty,1,300,300,March,35-44
52,13-07-2023,Male,34,Electronics,2,50,100,July,25-34
53,10-02-2023,Female,38,Electronics,3,500,1500,February,35-44
54,10-10-2023,Male,31,Beauty,4,30,120,October,25-34
55,31-05-2023,Female,26,Clothing,3,300,900,May,25-34
56,18-11-2023,Female,63,Beauty,1,30,30,November,45+
57,13-11-2023,Male,18,Clothing,4,300,1200,November,18-24
58,05-07-2023,Male,62,Clothing,1,50,50,July,45+
59,23-10-2023,Male,30,Beauty,3,50,150,October,25-34
60,09-04-2023,Male,21,Beauty,4,50,200,April,18-24
61,27-12-2023,Male,18,Beauty,2,50,100,December,18-24
62,05-02-2023,Male,57,Electronics,2,25,50,February,45+
63,24-01-2023,Male,49,Clothing,4,25,100,January,45+
64,05-12-2023,Male,51,Electronics,4,500,2000,December,45+
65,27-04-2023,Female,45,Electronics,1,30,30,April,45+
66,29-05-2023,Female,48,Beauty,4,300,1200,May,45+
67,10-02-2023,Male,25,Electronics,1,300,300,February,25-34
68,30-04-2023,Female,56,Beauty,3,25,75,April,45+
69,21-02-2023,Female,43,Clothing,1,300,300,February,35-44
70,14-07-2023,Female,51,Beauty,4,25,100,July,45+
71,23-05-2023,Female,20,Electronics,4,500,2000,May,18-24
72,21-08-2023,Male,29,Electronics,3,30,90,August,25-34
73,22-11-2023,Female,18,Beauty,4,500,2000,November,18-24
74,06-07-2023,Male,61,Beauty,4,50,200,July,45+
75,25-03-2023,Female,22,Electronics,2,50,100,March,18-24
76,09-07-2023,Female,47,Clothing,2,50,100,July,45+
77,01-07-2023,Female,47,Clothing,3,500,1500,July,45+
78,18-04-2023,Male,34,Beauty,1,300,300,April,25-34
79,10-12-2023,Female,64,Clothing,2,30,60,December,45+
80,17-05-2023,Male,40,Electronics,1,50,50,May,35-44
81,26-12-2023,Female,32,Beauty,4,50,200,December,25-34
82,16-12-2023,Male,54,Electronics,2,50,100,December,45+
83,28-11-2023,Female,38,Electronics,3,30,90,November,35-44
84,06-02-2023,Male,31,Clothing,3,50,150,February,25-34
85,08-11-2023,Male,19,Beauty,3,30,90,November,18-24
86,22-11-2023,Female,28,Beauty,2,50,100,November,25-34
87,29-03-2023,Male,56,Clothing,1,500,500,March,45+
88,01-10-2023,Female,55,Electronics,4,500,2000,October,45+
89,06-05-2023,Female,51,Electronics,1,30,30,May,45+
90,25-03-2023,Female,55,Electronics,1,500,500,March,45+
91,25-08-2023,Female,51,Electronics,4,30,120,August,45+
92,14-07-2023,Female,35,Beauty,4,500,2000,July,35-44
93,19-05-2023,Female,47,Beauty,2,500,1000,May,45+
94,24-11-2023,Female,32,Clothing,2,30,60,November,25-34
95,19-12-2023,Female,44,Clothing,2,300,600,December,35-44
96,13-10-2023,Female,51,Beauty,2,500,1000,October,45+
97,23-04-2023,Female,55,Beauty,2,50,100,April,45+
98,17-12-2023,Female,50,Electronics,4,300,1200,December,45+
99,16-06-2023,Male,41,Electronics,1,30,30,June,35-44
100,29-01-2023,Male,32,Clothing,2,300,600,January,25-34
101,28-04-2023,Female,47,Beauty,2,25,50,April,45+
102,17-01-2023,Female,59,Clothing,1,25,25,January,45+
103,11-06-2023,Female,34,Beauty,2,500,1000,June,25-34
104,25-07-2023,Female,22,Electronics,1,500,500,July,18-24
105,18-05-2023,Female,46,Clothing,1,50,50,May,45+
106,03-02-2023,Female,21,Clothing,4,300,1200,February,18-24
107,19-04-2023,Female,27,Beauty,3,25,75,April,25-34
108,18-10-2023,Female,34,Electronics,4,500,2000,October,25-34
109,11-06-2023,Male,27,Clothing,3,300,900,June,25-34
110,19-04-2023,Female,34,Electronics,3,500,1500,April,25-34
111,02-12-2023,Male,37,Clothing,3,500,1500,December,35-44
112,13-09-2023,Female,41,Electronics,2,25,50,September,35-44
113,22-07-2023,Female,22,Beauty,4,25,100,July,18-24
114,26-11-2023,Male,51,Clothing,3,500,1500,November,45+
115,23-08-2023,Female,23,Clothing,1,30,30,August,18-24
116,15-03-2023,Male,19,Electronics,2,500,1000,March,18-24
117,16-05-2023,Female,30,Electronics,4,500,2000,May,25-34
118,13-03-2023,Female,60,Clothing,3,50,150,March,45+
119,07-05-2023,Male,60,Beauty,1,50,50,May,45+
120,15-10-2023,Female,28,Electronics,4,50,200,October,25-34
121,03-10-2023,Male,64,Electronics,4,30,120,October,45+
122,15-05-2023,Female,40,Electronics,2,30,60,May,35-44
123,27-10-2023,Male,33,Clothing,4,500,2000,October,25-34
124,08-08-2023,Male,48,Clothing,2,50,100,August,45+
125,26-10-2023,Female,28,Clothing,3,30,90,October,25-34
126,24-07-2023,Female,33,Clothing,2,25,50,July,25-34
127,05-07-2023,Male,25,Beauty,1,500,500,July,25-34
128,23-04-2023,Female,21,Beauty,2,300,600,April,18-24
129,12-03-2023,Female,57,Clothing,1,500,500,March,45+
130,18-09-2023,Female,21,Beauty,2,300,600,September,18-24
131,10-09-2023,Male,42,Electronics,4,50,200,September,35-44
132,16-02-2023,Male,20,Electronics,3,300,900,February,18-24
133,25-01-2023,Male,49,Electronics,1,50,50,January,45+
134,26-02-2023,Male,20,Clothing,2,25,50,February,18-24
135,20-03-2023,Male,44,Electronics,2,300,600,March,35-44
136,18-11-2023,Male,46,Beauty,2,500,1000,November,45+
137,23-03-2023,Male,49,Clothing,4,50,200,March,45+
138,15-12-2023,Male,36,Beauty,4,500,2000,December,35-44
139,05-08-2023,Male,38,Electronics,1,30,30,August,35-44
140,02-11-2023,Female,22,Electronics,1,50,50,November,18-24
141,02-02-2023,Male,35,Electronics,4,300,1200,February,35-44
142,17-07-2023,Female,45,Clothing,1,50,50,July,45+
143,15-07-2023,Female,59,Beauty,3,500,1500,July,45+
144,02-11-2023,Female,39,Clothing,3,25,75,November,35-44
145,28-08-2023,Male,38,Clothing,4,50,200,August,35-44
146,28-09-2023,Male,23,Electronics,1,300,300,September,18-24
147,09-05-2023,Male,18,Clothing,2,30,60,May,18-24
148,11-10-2023,Male,22,Clothing,3,25,75,October,18-24
149,06-01-2023,Female,58,Electronics,4,30,120,January,45+
150,15-12-2023,Male,29,Clothing,1,50,50,December,25-34
151,28-02-2023,Male,43,Electronics,4,500,2000,February,35-44
152,16-12-2023,Male,63,Electronics,2,500,1000,December,45+
153,02-10-2023,Male,51,Electronics,3,300,900,October,45+
154,17-05-2023,Male,31,Electronics,4,500,2000,May,25-34
155,25-11-2023,Female,43,Clothing,4,25,100,November,35-44
156,24-06-2023,Male,62,Electronics,4,500,2000,June,45+
157,27-02-2023,Female,44,Electronics,2,300,600,February,35-44
158,31-05-2023,Male,26,Clothing,4,50,200,May,25-34
159,11-08-2023,Female,43,Clothing,2,50,100,August,35-44
160,22-03-2023,Male,64,Beauty,2,500,1000,March,45+
161,21-08-2023,Male,39,Clothing,2,30,60,August,35-44
162,02-01-2023,Female,64,Clothing,3,50,150,January,45+
163,15-05-2023,Female,47,Beauty,3,500,1500,May,45+
164,14-09-2023,Female,60,Clothing,4,300,1200,September,45+
165,02-04-2023,Male,34,Clothing,4,500,2000,April,25-34
166,17-09-2023,Female,43,Clothing,3,50,150,September,35-44
167,24-02-2023,Male,53,Clothing,1,300,300,February,45+
168,17-11-2023,Male,18,Beauty,3,500,1500,November,18-24
169,02-06-2023,Female,25,Clothing,2,25,50,June,25-34
170,24-11-2023,Female,52,Clothing,3,300,900,November,45+
171,17-09-2023,Male,32,Beauty,2,25,50,September,25-34
172,08-11-2023,Male,64,Electronics,4,30,120,November,45+
173,12-04-2023,Female,39,Beauty,1,300,300,April,35-44
174,20-03-2023,Female,31,Electronics,4,25,100,March,25-34
175,11-07-2023,Female,43,Beauty,2,50,100,July,35-44
176,24-03-2023,Male,45,Beauty,2,50,100,March,45+
177,04-10-2023,Male,40,Clothing,2,30,60,October,35-44
178,29-09-2023,Male,31,Electronics,1,300,300,September,25-34
179,01-01-2023,Male,41,Clothing,3,300,900,January,35-44
180,03-11-2023,Male,19,Electronics,4,300,1200,November,18-24
181,15-06-2023,Male,62,Beauty,4,30,120,June,45+
182,08-09-2023,Female,43,Beauty,3,300,900,September,35-44
183,10-01-2023,Male,31,Electronics,4,50,200,January,25-34
184,27-02-2023,Male,24,Clothing,1,25,25,February,18-24
185,05-07-2023,Male,20,Clothing,4,50,200,July,18-24
186,07-06-2023,Female,64,Clothing,2,50,100,June,45+
187,03-05-2023,Male,40,Clothing,3,25,75,May,35-44
188,30-01-2023,Male,63,Beauty,1,50,50,January,45+
189,04-05-2023,Female,60,Beauty,3,30,90,May,45+
190,18-10-2023,Male,64,Beauty,1,25,25,October,45+
191,10-02-2023,Male,62,Beauty,2,50,100,February,45+
192,13-02-2023,Male,35,Beauty,3,500,1500,February,35-44
193,06-09-2023,Male,55,Clothing,4,50,200,September,45+
194,05-02-2023,Male,52,Clothing,1,30,30,February,45+
195,30-09-2023,Female,32,Clothing,3,300,900,September,25-34
196,06-03-2023,Female,42,Clothing,4,50,200,March,35-44
197,07-03-2023,Female,54,Beauty,3,300,900,March,45+
198,04-12-2023,Male,45,Beauty,3,500,1500,December,45+
199,01-09-2023,Male,27,Beauty,3,50,150,September,25-34
200,09-10-2023,Male,56,Electronics,1,25,25,October,45+
201,26-03-2023,Female,34,Clothing,4,300,1200,March,25-34
202,16-05-2023,Male,56,Clothing,2,500,1000,May,45+
203,28-09-2023,Male,39,Beauty,1,25,25,September,35-44
204,07-11-2023,Female,43,Clothing,1,25,25,November,35-44
205,05-08-2023,Male,61,Clothing,1,25,25,August,45+
206,19-04-2023,Female,42,Beauty,2,25,50,April,35-44
207,04-10-2023,Female,34,Electronics,4,50,200,October,25-34
208,20-12-2023,Female,30,Electronics,4,50,200,December,25-34
209,13-04-2023,Male,37,Electronics,4,50,200,April,35-44
210,01-01-2024,Male,42,Beauty,3,500,1500,January,35-44
211,09-06-2023,Male,21,Clothing,3,500,1500,June,18-24
212,24-07-2023,Male,27,Beauty,3,500,1500,July,25-34
213,10-12-2023,Male,20,Beauty,2,30,60,December,18-24
214,29-11-2023,Male,58,Clothing,3,500,1500,November,45+
215,11-07-2023,Male,62,Electronics,2,50,100,July,45+
216,13-08-2023,Female,35,Electronics,4,50,200,August,35-44
217,22-09-2023,Male,64,Beauty,3,30,90,September,45+
218,20-08-2023,Female,53,Electronics,3,30,90,August,45+
219,03-03-2023,Male,64,Beauty,1,500,500,March,45+
220,07-05-2023,Male,39,Beauty,2,300,600,May,35-44
221,26-04-2023,Male,51,Clothing,4,30,120,April,45+
222,02-02-2023,Female,64,Clothing,1,25,25,February,45+
223,23-06-2023,Female,25,Clothing,1,50,50,June,25-34
224,11-01-2023,Female,57,Beauty,4,25,100,January,45+
225,29-10-2023,Female,61,Clothing,1,50,50,October,45+
226,11-10-2023,Male,36,Electronics,2,50,100,October,35-44
227,28-04-2023,Female,59,Electronics,2,30,60,April,45+
228,29-10-2023,Male,58,Beauty,3,30,90,October,45+
229,23-04-2023,Male,54,Beauty,1,25,25,April,45+
230,04-01-2023,Female,23,Clothing,3,50,150,January,18-24
231,06-02-2023,Female,43,Beauty,1,25,25,February,35-44
232,29-12-2023,Female,51,Beauty,2,300,600,December,45+
233,20-11-2023,Female,62,Electronics,2,25,50,November,45+
234,31-01-2023,Female,23,Electronics,2,500,1000,January,18-24
235,28-04-2023,Female,54,Clothing,1,25,25,April,45+
236,04-02-2023,Female,50,Beauty,2,500,1000,February,45+
237,17-01-2023,Female,39,Beauty,1,500,500,January,35-44
238,19-06-2023,Male,38,Electronics,3,500,1500,June,35-44
239,06-02-2023,Female,23,Beauty,1,300,300,February,18-24
240,21-09-2023,Female,23,Electronics,3,25,75,September,18-24
241,02-05-2023,Male,21,Clothing,1,25,25,May,18-24
242,23-05-2023,Female,47,Electronics,3,300,900,May,45+
243,09-12-2023,Male,28,Beauty,2,50,100,December,25-34
244,06-09-2023,Male,47,Clothing,3,30,90,September,45+
245,20-04-2023,Female,48,Electronics,2,25,50,April,45+
246,04-10-2023,Male,41,Electronics,2,30,60,October,35-44
247,09-03-2023,Male,26,Clothing,3,300,900,March,25-34
248,20-10-2023,Male,20,Clothing,1,50,50,October,18-24
249,23-10-2023,Male,48,Electronics,1,50,50,October,45+
250,31-08-2023,Female,57,Beauty,4,50,200,August,45+
251,05-05-2023,Male,54,Electronics,1,300,300,May,45+
252,31-08-2023,Female,53,Clothing,4,500,2000,August,45+
253,28-07-2023,Male,41,Electronics,1,500,500,July,35-44
254,08-04-2023,Male,48,Clothing,1,30,30,April,45+
255,18-02-2023,Male,23,Clothing,2,500,1000,February,18-24
256,19-02-2023,Male,19,Beauty,4,500,2000,February,18-24
257,04-12-2023,Female,37,Clothing,1,50,50,December,35-44
258,09-08-2023,Female,45,Clothing,4,50,200,August,45+
259,01-07-2023,Male,28,Beauty,2,30,60,July,25-34
260,05-08-2023,Male,21,Clothing,2,25,50,August,18-24
261,30-07-2023,Female,32,Beauty,4,30,120,July,25-34
262,28-08-2023,Male,23,Beauty,2,30,60,August,18-24
263,28-01-2023,Male,47,Clothing,3,300,900,January,45+
264,11-12-2023,Male,55,Clothing,3,300,900,December,45+
265,01-12-2023,Female,19,Electronics,2,30,60,December,18-24
266,27-11-2023,Female,32,Beauty,3,30,90,November,25-34
267,20-02-2023,Female,28,Electronics,1,30,30,February,25-34
268,01-02-2023,Male,25,Clothing,4,500,2000,February,25-34
269,26-07-2023,Male,43,Electronics,1,300,300,July,35-44
270,23-06-2023,Female,62,Beauty,4,30,120,June,45+
271,25-02-2023,Female,61,Electronics,2,50,100,February,45+
272,08-05-2023,Female,22,Beauty,1,50,50,May,18-24
273,09-04-2023,Female,23,Clothing,2,500,1000,April,18-24
274,08-04-2023,Male,43,Clothing,2,500,1000,April,35-44
275,02-10-2023,Female,21,Beauty,4,25,100,October,18-24
276,18-08-2023,Male,36,Clothing,4,25,100,August,35-44
277,13-03-2023,Female,37,Clothing,4,25,100,March,35-44
278,05-08-2023,Male,50,Clothing,1,500,500,August,45+
279,04-04-2023,Female,37,Clothing,3,500,1500,April,35-44
280,23-05-2023,Female,29,Beauty,4,500,2000,May,25-34
281,25-08-2023,Female,64,Electronics,4,50,200,August,45+
282,08-05-2023,Female,18,Electronics,1,500,500,May,18-24
283,08-02-2023,Male,43,Clothing,4,50,200,February,35-44
284,15-08-2023,Female,31,Electronics,1,25,25,August,25-34
285,09-10-2023,Male,55,Electronics,2,25,50,October,45+
286,20-02-2023,Male,54,Clothing,4,25,100,February,45+
287,26-01-2023,Male,28,Clothing,4,30,120,January,25-34
288,30-11-2023,Male,53,Electronics,2,30,60,November,45+
289,04-10-2023,Female,30,Beauty,2,300,600,October,25-34
290,08-01-2023,Male,60,Clothing,2,300,600,January,45+
291,17-02-2023,Male,20,Beauty,4,300,1200,February,18-24
292,02-05-2023,Male,50,Electronics,3,30,90,May,45+
293,27-03-2023,Female,23,Clothing,3,30,90,March,18-24
294,28-07-2023,Female,27,Beauty,3,300,900,July,25-34
295,06-09-2023,Female,22,Clothing,4,300,1200,September,18-24
296,04-09-2023,Female,40,Electronics,2,500,1000,September,35-44
297,20-04-2023,Male,27,Beauty,4,300,1200,April,25-34
298,25-07-2023,Male,61,Electronics,2,500,1000,July,45+
299,31-01-2023,Female,19,Electronics,4,50,200,January,18-24
300,26-03-2023,Male,30,Clothing,4,30,120,March,25-34
301,14-07-2023,Male,57,Beauty,2,300,600,July,45+
302,02-01-2023,Male,19,Electronics,3,30,90,January,18-24
303,19-07-2023,Female,37,Electronics,2,30,60,July,35-44
304,16-05-2023,Female,18,Beauty,1,30,30,May,18-24
305,21-08-2023,Male,54,Electronics,1,50,50,August,45+
306,27-05-2023,Female,26,Electronics,2,25,50,May,25-34
307,05-08-2023,Female,34,Beauty,4,300,1200,August,25-34
308,23-12-2023,Female,26,Beauty,1,25,25,December,25-34
309,12-10-2023,Female,28,Beauty,1,25,25,October,25-34
310,05-12-2023,Female,32,Beauty,4,25,100,December,25-34
311,07-09-2023,Male,41,Clothing,4,30,120,September,35-44
312,21-03-2023,Female,55,Beauty,3,500,1500,March,45+
313,08-04-2023,Male,52,Clothing,4,30,120,April,45+
314,01-06-2023,Male,47,Clothing,2,30,60,June,45+
315,22-04-2023,Female,48,Clothing,2,25,50,April,45+
316,30-01-2023,Male,22,Electronics,3,30,90,January,18-24
317,24-10-2023,Male,61,Clothing,1,25,25,October,45+
318,05-10-2023,Male,31,Clothing,1,500,500,October,25-34
319,01-02-2023,Female,28,Electronics,4,300,1200,February,25-34
320,10-06-2023,Female,26,Electronics,2,25,50,June,25-34
321,30-01-2023,Male,51,Electronics,1,500,500,January,45+
322,26-01-2023,Female,29,Beauty,3,300,900,January,25-34
323,27-10-2023,Female,52,Electronics,3,50,150,October,45+
324,02-09-2023,Female,52,Electronics,2,25,50,September,45+
325,15-09-2023,Female,18,Clothing,3,25,75,September,18-24
326,29-09-2023,Male,57,Electronics,3,50,150,September,45+
327,22-03-2023,Male,39,Beauty,2,50,100,March,35-44
328,30-01-2023,Female,46,Electronics,4,25,100,January,45+
329,18-09-2023,Female,25,Beauty,4,50,200,September,25-34
330,11-02-2023,Male,28,Electronics,3,30,90,February,25-34
331,06-04-2023,Male,58,Electronics,4,300,1200,April,45+
332,05-02-2023,Female,54,Electronics,4,300,1200,February,45+
333,01-11-2023,Male,31,Electronics,3,300,900,November,25-34
334,04-02-2023,Female,47,Beauty,4,30,120,February,45+
335,12-12-2023,Female,52,Beauty,3,50,150,December,45+
336,01-05-2023,Male,38,Clothing,1,500,500,May,35-44
337,26-07-2023,Male,54,Beauty,2,50,100,July,45+
338,03-03-2023,Female,22,Electronics,2,25,50,March,18-24
339,19-10-2023,Female,36,Clothing,4,300,1200,October,35-44
340,07-05-2023,Male,31,Clothing,4,50,200,May,25-34
341,24-10-2023,Female,43,Clothing,4,500,2000,October,35-44
342,01-11-2023,Male,21,Electronics,2,25,50,November,18-24
343,21-01-2023,Female,42,Beauty,1,30,30,January,35-44
344,14-11-2023,Male,62,Electronics,1,30,30,November,45+
345,11-02-2023,Male,59,Clothing,2,500,1000,February,45+
346,03-08-2023,Male,42,Electronics,1,25,25,August,35-44
347,03-12-2023,Female,35,Electronics,2,300,600,December,35-44
348,26-10-2023,Female,57,Beauty,1,50,50,October,45+
349,17-10-2023,Male,25,Beauty,3,25,75,October,25-34
350,25-09-2023,Female,56,Clothing,3,30,90,September,45+
351,11-06-2023,Male,57,Electronics,2,500,1000,June,45+
352,14-05-2023,Male,31,Electronics,1,500,500,May,25-34
353,15-04-2023,Female,49,Beauty,4,50,200,April,45+
354,09-12-2023,Female,55,Electronics,1,500,500,December,45+
355,10-06-2023,Male,50,Electronics,3,500,1500,June,45+
356,03-05-2023,Female,40,Electronics,3,25,75,May,35-44
357,16-05-2023,Female,32,Beauty,1,300,300,May,25-34
358,22-07-2023,Male,50,Clothing,1,50,50,July,45+
359,09-03-2023,Male,42,Clothing,4,25,100,March,35-44
360,10-12-2023,Female,34,Electronics,4,300,1200,December,25-34
361,27-11-2023,Male,50,Clothing,1,25,25,November,45+
362,03-06-2023,Male,64,Beauty,1,25,25,June,45+
363,23-08-2023,Female,19,Beauty,1,500,500,August,18-24
364,11-06-2023,Male,31,Clothing,1,300,300,June,25-34
365,07-02-2023,Male,57,Clothing,2,50,100,February,45+
366,05-01-2023,Female,57,Electronics,1,50,50,January,45+
367,23-08-2023,Female,56,Clothing,4,300,1200,August,45+
368,15-11-2023,Male,23,Electronics,3,500,1500,November,18-24
369,16-10-2023,Male,23,Electronics,2,30,60,October,18-24
370,21-02-2023,Female,20,Beauty,1,25,25,February,18-24
371,07-02-2023,Female,24,Beauty,3,500,1500,February,18-24
372,03-10-2023,Female,25,Beauty,2,300,600,October,25-34
373,20-04-2023,Female,59,Beauty,3,25,75,April,45+
374,17-09-2023,Male,32,Clothing,1,50,50,September,25-34
375,16-05-2023,Female,64,Beauty,1,30,30,May,45+
376,09-03-2023,Female,46,Clothing,4,50,200,March,45+
377,28-06-2023,Male,50,Beauty,1,300,300,June,45+
378,05-02-2023,Female,47,Clothing,1,25,25,February,45+
379,06-05-2023,Male,56,Electronics,2,300,600,May,45+
380,09-07-2023,Female,44,Clothing,4,25,100,July,35-44
381,26-05-2023,Female,53,Clothing,2,500,1000,May,45+
382,22-03-2023,Female,46,Beauty,3,30,90,March,45+
383,13-08-2023,Male,55,Clothing,1,500,500,August,45+
384,06-10-2023,Male,50,Electronics,3,500,1500,October,45+
385,27-12-2023,Female,54,Electronics,2,300,600,December,45+
386,04-06-2023,Male,44,Beauty,1,30,30,June,35-44
387,10-11-2023,Male,50,Electronics,1,25,25,November,45+
388,01-12-2023,Male,21,Clothing,2,25,50,December,18-24
389,28-09-2023,Male,39,Electronics,2,50,100,September,35-44
390,05-01-2023,Male,19,Beauty,2,25,50,January,18-24
391,08-12-2023,Male,27,Clothing,2,300,600,December,25-34
392,11-10-2023,Female,22,Beauty,2,500,1000,October,18-24
393,03-06-2023,Female,27,Clothing,1,500,500,June,25-34
394,06-12-2023,Male,50,Electronics,2,500,1000,December,45+
395,23-02-2023,Female,55,Beauty,1,30,30,February,45+
396,10-03-2023,Female,30,Beauty,1,25,25,March,25-34
397,16-05-2023,Female,48,Clothing,2,300,600,May,45+
398,01-03-2023,Female,64,Beauty,2,30,60,March,45+
399,24-02-2023,Male,53,Clothing,4,50,200,February,45+
400,11-10-2023,Female,62,Clothing,1,300,300,October,45+
401,21-03-2023,Female,41,Clothing,2,300,600,March,35-44
402,20-05-2023,Male,32,Clothing,2,300,600,May,25-34
403,25-05-2023,Male,46,Electronics,2,500,1000,May,45+
404,06-11-2023,Female,25,Clothing,4,300,1200,November,25-34
405,18-04-2023,Female,22,Beauty,4,25,100,April,18-24
406,25-06-2023,Female,46,Electronics,3,300,900,June,45+
407,15-04-2023,Female,64,Beauty,1,500,500,April,45+
408,18-12-2023,Female,21,Electronics,3,300,900,December,18-24
409,21-11-2023,Female,29,Clothing,2,50,100,November,25-34
410,16-05-2023,Male,62,Electronics,4,50,200,May,45+
411,16-09-2023,Female,19,Electronics,4,500,2000,September,18-24
412,08-09-2023,Female,44,Beauty,3,25,75,September,35-44
413,09-05-2023,Male,48,Beauty,4,25,100,May,45+
414,27-01-2023,Male,53,Clothing,2,30,60,January,45+
415,17-02-2023,Male,53,Electronics,4,500,2000,February,45+
416,21-11-2023,Male,43,Electronics,3,300,900,November,35-44
417,05-08-2023,Female,60,Electronics,2,500,1000,August,45+
418,22-05-2023,Female,44,Clothing,3,30,90,May,35-44
419,23-01-2023,Female,22,Clothing,4,500,2000,January,18-24
420,02-01-2023,Female,37,Clothing,3,500,1500,January,35-44
421,20-06-2023,Female,28,Clothing,3,30,90,June,25-34
422,08-03-2023,Female,27,Clothing,1,25,25,March,25-34
423,23-11-2023,Male,57,Beauty,4,300,1200,November,45+
424,15-05-2023,Female,55,Electronics,4,30,120,May,45+
425,24-03-2023,Male,23,Electronics,3,50,150,March,18-24
426,15-08-2023,Male,25,Electronics,1,25,25,August,25-34
427,10-10-2023,Female,40,Electronics,4,50,200,October,35-44
428,28-12-2023,Male,64,Electronics,2,25,50,December,45+
429,07-08-2023,Female,43,Electronics,3,300,900,August,35-44
430,15-10-2023,Male,63,Electronics,4,300,1200,October,45+
431,05-01-2023,Female,60,Electronics,2,500,1000,January,45+
432,27-02-2023,Male,29,Beauty,4,50,200,February,25-34
433,08-02-2023,Female,43,Electronics,2,25,50,February,35-44
434,20-12-2023,Female,30,Beauty,3,300,900,December,25-34
435,18-03-2023,Female,57,Clothing,4,30,120,March,45+
436,07-10-2023,Female,35,Electronics,4,300,1200,October,35-44
437,19-01-2023,Female,42,Clothing,1,30,30,January,35-44
438,09-07-2023,Male,50,Clothing,3,25,75,July,45+
439,26-10-2023,Male,64,Clothing,2,300,600,October,45+
440,10-10-2023,Male,57,Beauty,4,300,1200,October,45+
441,17-03-2023,Female,60,Clothing,4,25,100,March,45+
442,09-08-2023,Male,29,Clothing,2,300,600,August,25-34
443,07-03-2023,Female,61,Clothing,3,30,90,March,45+
444,22-01-2023,Female,53,Electronics,1,300,300,January,45+
445,07-06-2023,Male,21,Electronics,1,50,50,June,18-24
446,06-07-2023,Male,22,Beauty,4,500,2000,July,18-24
447,21-01-2023,Female,54,Beauty,2,30,60,January,45+
448,03-07-2023,Male,25,Electronics,4,50,200,July,25-34
449,18-04-2023,Female,59,Beauty,2,25,50,April,45+
450,16-12-2023,Female,45,Electronics,1,30,30,December,45+
451,08-05-2023,Female,48,Clothing,3,500,1500,May,45+
452,08-12-2023,Female,26,Clothing,2,500,1000,December,25-34
453,22-02-2023,Female,46,Beauty,1,25,25,February,45+
454,01-07-2023,Male,31,Electronics,4,25,100,July,25-34
455,14-10-2023,Male,57,Electronics,2,30,60,October,45+
456,28-07-2023,Female,58,Beauty,3,300,900,July,45+
457,14-11-2023,Female,39,Electronics,4,25,100,November,35-44
458,21-03-2023,Male,28,Clothing,4,300,1200,March,25-34
459,02-05-2023,Male,40,Beauty,1,50,50,May,35-44
460,25-03-2023,Female,18,Beauty,2,500,1000,March,18-24
461,01-04-2023,Male,63,Electronics,4,300,1200,April,45+
462,31-07-2023,Female,54,Beauty,3,500,1500,July,45+
463,13-01-2023,Male,38,Electronics,2,300,600,January,35-44
464,02-04-2023,Female,43,Electronics,3,50,150,April,35-44
465,20-06-2023,Male,63,Electronics,4,25,100,June,45+
466,30-07-2023,Female,53,Electronics,3,50,150,July,45+
467,09-12-2023,Male,40,Electronics,1,25,25,December,35-44
468,08-05-2023,Male,18,Beauty,3,25,75,May,18-24
469,17-05-2023,Female,57,Clothing,2,500,1000,May,45+
470,23-03-2023,Male,32,Clothing,3,50,150,March,25-34
471,26-12-2023,Female,38,Beauty,3,300,900,December,35-44
472,25-02-2023,Male,64,Beauty,1,50,50,February,45+
473,15-07-2023,Female,26,Clothing,3,500,1500,July,25-34
474,20-01-2023,Male,26,Clothing,3,25,75,January,25-34
475,29-08-2023,Female,27,Clothing,4,500,2000,August,25-34
476,24-04-2023,Male,43,Clothing,4,30,120,April,35-44
477,13-04-2023,Female,58,Clothing,2,30,60,April,45+
478,24-08-2023,Male,52,Electronics,4,300,1200,August,45+
479,29-06-2023,Female,42,Beauty,4,500,2000,June,35-44
480,06-06-2023,Female,43,Electronics,4,300,1200,June,35-44
481,27-04-2023,Female,28,Clothing,4,300,1200,April,25-34
482,25-04-2023,Male,55,Clothing,1,30,30,April,45+
483,13-01-2023,Female,19,Clothing,4,300,1200,January,18-24
484,04-12-2023,Male,24,Electronics,1,30,30,December,18-24
485,09-04-2023,Female,35,Electronics,1,25,25,April,35-44
486,24-07-2023,Male,44,Clothing,4,500,2000,July,35-44
487,18-06-2023,Female,51,Electronics,3,300,900,June,45+
488,23-05-2023,Male,44,Electronics,1,30,30,May,35-44
489,05-02-2023,Male,34,Clothing,3,50,150,February,25-34
490,23-05-2023,Female,60,Electronics,3,300,900,May,45+
491,29-06-2023,Male,61,Beauty,4,25,100,June,45+
492,25-11-2023,Male,41,Beauty,2,25,50,November,35-44
493,18-09-2023,Female,42,Beauty,4,50,200,September,35-44
494,24-07-2023,Male,24,Beauty,2,30,60,July,18-24
495,14-12-2023,Male,23,Clothing,2,300,600,December,18-24
496,02-10-2023,Male,41,Clothing,4,30,120,October,35-44
497,19-06-2023,Female,50,Clothing,4,25,100,June,45+
498,15-01-2023,Male,46,Beauty,2,30,60,January,45+
499,01-03-2023,Female,60,Beauty,4,25,100,March,45+
500,14-05-2023,Male,39,Electronics,2,30,60,May,35-44
501,02-04-2023,Male,43,Electronics,3,50,150,April,35-44
502,25-10-2023,Male,45,Beauty,4,500,2000,October,45+
503,16-05-2023,Female,38,Beauty,3,50,150,May,35-44
504,20-01-2023,Male,24,Beauty,1,50,50,January,18-24
505,25-02-2023,Male,34,Beauty,3,500,1500,February,25-34
506,02-11-2023,Female,37,Electronics,3,500,1500,November,35-44
507,11-08-2023,Male,58,Beauty,2,300,600,August,45+
508,26-06-2023,Female,37,Electronics,3,300,900,June,35-44
509,10-06-2023,Female,39,Beauty,4,50,200,June,35-44
510,12-08-2023,Male,45,Beauty,2,50,100,August,45+
511,07-11-2023,Female,57,Beauty,1,25,25,November,45+
512,19-09-2023,Male,24,Electronics,4,25,100,September,18-24
513,01-03-2023,Female,18,Electronics,1,300,300,March,18-24
514,17-07-2023,Female,49,Clothing,3,300,900,July,45+
515,23-10-2023,Male,30,Beauty,4,25,100,October,25-34
516,08-04-2023,Female,47,Clothing,4,25,100,April,45+
517,11-05-2023,Female,40,Clothing,1,30,30,May,35-44
518,23-01-2023,Female,36,Electronics,4,30,120,January,35-44
519,29-12-2023,Female,49,Electronics,4,25,100,December,45+
520,12-08-2023,Female,47,Clothing,4,30,120,August,45+
521,01-01-2023,Male,46,Beauty,3,500,1500,January,45+
522,24-09-2023,Female,62,Electronics,1,300,300,September,45+
523,03-10-2023,Male,46,Beauty,4,300,1200,October,45+
524,18-12-2023,Female,47,Beauty,2,25,50,December,45+
525,10-12-2023,Male,33,Clothing,2,50,100,December,25-34
526,11-04-2023,Male,57,Clothing,2,25,50,April,45+
527,06-07-2023,Female,36,Clothing,2,30,60,July,35-44
528,09-08-2023,Female,35,Clothing,3,50,150,August,35-44
529,05-02-2023,Female,18,Electronics,4,30,120,February,18-24
530,07-12-2023,Male,31,Electronics,1,500,500,December,25-34
531,19-06-2023,Female,64,Clothing,4,30,120,June,45+
532,16-11-2023,Male,19,Electronics,3,500,1500,November,18-24
533,10-06-2023,Male,45,Clothing,2,500,1000,June,45+
534,06-12-2023,Male,47,Beauty,3,30,90,December,45+
535,05-03-2023,Female,55,Beauty,4,30,120,March,45+
536,03-06-2023,Female,21,Beauty,1,500,500,June,18-24
537,17-09-2023,Male,18,Clothing,3,50,150,September,18-24
538,08-06-2023,Male,25,Beauty,1,500,500,June,25-34
539,08-12-2023,Female,46,Electronics,3,300,900,December,45+
540,29-07-2023,Male,56,Beauty,1,500,500,July,45+
541,17-06-2023,Female,20,Beauty,1,50,50,June,18-24
542,26-07-2023,Male,49,Beauty,2,300,600,July,45+
543,23-12-2023,Female,27,Electronics,1,25,25,December,25-34
544,01-06-2023,Male,27,Clothing,2,25,50,June,25-34
545,11-10-2023,Female,36,Electronics,4,50,200,October,35-44
546,07-03-2023,Male,63,Clothing,4,500,2000,March,45+
547,09-04-2023,Female,51,Clothing,2,30,60,April,45+
548,04-08-2023,Female,50,Beauty,2,50,100,August,45+
549,07-12-2023,Male,40,Clothing,3,300,900,December,35-44
550,14-07-2023,Male,45,Electronics,3,300,900,July,45+
551,13-12-2023,Female,49,Electronics,3,25,75,December,45+
552,31-03-2023,Male,24,Clothing,4,300,1200,March,18-24
553,12-11-2023,Female,46,Beauty,3,50,150,November,45+
554,19-10-2023,Male,25,Beauty,1,300,300,October,25-34
555,04-06-2023,Female,18,Electronics,1,50,50,June,18-24
556,27-07-2023,Female,20,Beauty,3,30,90,July,18-24
557,08-10-2023,Female,41,Clothing,1,25,25,October,35-44
558,01-01-2023,Female,40,Clothing,4,300,1200,January,35-44
559,05-06-2023,Female,25,Electronics,1,50,50,June,25-34
560,27-05-2023,Female,64,Clothing,4,500,2000,May,45+
561,18-04-2023,Male,54,Electronics,2,25,50,April,45+
562,09-08-2023,Male,20,Clothing,2,30,60,August,18-24
563,24-10-2023,Male,50,Electronics,2,50,100,October,45+
564,07-11-2023,Female,45,Beauty,2,30,60,November,45+
565,02-12-2023,Female,64,Clothing,1,30,30,December,45+
566,14-06-2023,Female,25,Clothing,3,300,900,June,25-34
567,27-08-2023,Female,51,Electronics,1,300,300,August,45+
568,15-08-2023,Male,52,Electronics,4,50,200,August,45+
569,15-08-2023,Male,49,Clothing,1,500,500,August,45+
570,12-12-2023,Female,41,Electronics,1,50,50,December,35-44
571,20-04-2023,Male,31,Clothing,4,500,2000,April,25-34
572,19-09-2023,Male,49,Beauty,2,30,60,September,45+
573,31-08-2023,Female,63,Electronics,2,25,50,August,45+
574,28-03-2023,Male,60,Clothing,2,50,100,March,45+
575,04-12-2023,Female,33,Beauty,3,50,150,December,25-34
576,13-02-2023,Male,21,Beauty,4,500,2000,February,18-24
577,26-05-2023,Female,54,Clothing,4,30,120,May,45+
578,21-09-2023,Female,38,Electronics,1,30,30,September,35-44
579,06-12-2023,Female,31,Clothing,3,500,1500,December,25-34
580,21-11-2023,Female,48,Beauty,2,30,60,November,45+
581,14-11-2023,Male,35,Clothing,3,300,900,November,35-44
582,21-06-2023,Female,24,Electronics,4,25,100,June,18-24
583,17-02-2023,Female,27,Beauty,4,50,200,February,25-34
584,01-05-2023,Female,24,Clothing,1,25,25,May,18-24
585,11-12-2023,Male,50,Electronics,1,50,50,December,45+
586,08-06-2023,Female,40,Beauty,4,300,1200,June,35-44
587,26-04-2023,Male,38,Electronics,2,30,60,April,35-44
588,12-04-2023,Female,36,Beauty,2,500,1000,April,35-44
589,17-03-2023,Male,36,Clothing,3,300,900,March,35-44
590,13-01-2023,Male,53,Electronics,4,25,100,January,45+
591,24-01-2023,Female,46,Beauty,4,500,2000,January,45+
592,06-05-2023,Male,35,Electronics,2,30,60,May,35-44
593,01-09-2023,Female,19,Electronics,2,300,600,September,18-24
594,09-11-2023,Female,18,Clothing,4,500,2000,November,18-24
595,07-02-2023,Female,64,Electronics,1,300,300,February,45+
596,22-08-2023,Male,22,Beauty,4,300,1200,August,18-24
597,01-08-2023,Male,37,Beauty,4,30,120,August,35-44
598,19-11-2023,Female,28,Beauty,2,50,100,November,25-34
599,22-10-2023,Female,59,Beauty,2,500,1000,October,45+
600,10-04-2023,Male,19,Clothing,1,30,30,April,18-24
601,23-12-2023,Female,20,Electronics,1,300,300,December,18-24
602,16-07-2023,Female,40,Clothing,3,30,90,July,35-44
603,11-09-2023,Female,29,Electronics,4,50,200,September,25-34
604,24-07-2023,Male,37,Electronics,2,500,1000,July,35-44
605,05-05-2023,Male,22,Electronics,1,50,50,May,18-24
606,17-03-2023,Male,54,Clothing,3,25,75,March,45+
607,02-12-2023,Female,55,Electronics,3,500,1500,December,45+
608,19-12-2023,Female,47,Clothing,2,50,100,December,45+
609,03-01-2023,Female,26,Beauty,2,300,600,January,25-34
610,24-02-2023,Male,51,Beauty,3,500,1500,February,45+
611,06-08-2023,Female,61,Electronics,1,500,500,August,45+
612,23-04-2023,Female,52,Clothing,3,30,90,April,45+
613,01-04-2023,Female,39,Beauty,4,300,1200,April,35-44
614,23-12-2023,Female,61,Clothing,4,25,100,December,45+
615,23-09-2023,Male,41,Clothing,2,50,100,September,35-44
616,26-08-2023,Male,34,Electronics,1,30,30,August,25-34
617,26-01-2023,Female,27,Beauty,1,50,50,January,25-34
618,13-10-2023,Male,47,Electronics,4,25,100,October,45+
619,08-05-2023,Male,63,Electronics,3,25,75,May,45+
620,04-03-2023,Female,40,Beauty,2,500,1000,March,35-44
621,22-08-2023,Female,49,Beauty,3,25,75,August,45+
622,10-03-2023,Male,34,Clothing,3,50,150,March,25-34
623,26-08-2023,Female,34,Beauty,3,300,900,August,25-34
624,08-12-2023,Male,31,Clothing,1,300,300,December,25-34
625,29-09-2023,Female,26,Clothing,4,500,2000,September,25-34
626,14-10-2023,Male,57,Clothing,1,50,50,October,45+
627,01-11-2023,Female,19,Beauty,4,50,200,November,18-24
628,12-06-2023,Male,62,Electronics,2,25,50,June,45+
629,15-08-2023,Male,42,Clothing,2,50,100,August,35-44
630,10-11-2023,Male,56,Electronics,3,30,90,November,45+
631,16-09-2023,Female,26,Electronics,4,25,100,September,25-34
632,07-08-2023,Male,39,Beauty,4,30,120,August,35-44
633,08-10-2023,Male,60,Electronics,4,500,2000,October,45+
634,17-08-2023,Female,63,Electronics,3,300,900,August,45+
635,23-03-2023,Female,21,Beauty,3,500,1500,March,18-24
636,01-09-2023,Male,43,Clothing,2,300,600,September,35-44
637,19-08-2023,Male,46,Electronics,1,500,500,August,45+
638,13-05-2023,Female,62,Beauty,4,50,200,May,45+
639,07-05-2023,Female,51,Electronics,4,30,120,May,45+
640,23-11-2023,Female,40,Electronics,1,300,300,November,35-44
641,22-05-2023,Female,54,Clothing,4,25,100,May,45+
642,24-09-2023,Female,28,Electronics,3,30,90,September,25-34
643,06-09-2023,Male,23,Beauty,3,25,75,September,18-24
644,17-11-2023,Female,35,Electronics,4,30,120,November,35-44
645,03-05-2023,Male,38,Clothing,3,30,90,May,35-44
646,21-05-2023,Male,59,Clothing,3,500,1500,May,45+
647,14-08-2023,Male,53,Beauty,4,300,1200,August,45+
648,09-02-2023,Female,58,Clothing,2,300,600,February,45+
649,01-01-2024,Male,55,Electronics,1,30,30,January,45+
650,27-05-2023,Male,51,Clothing,3,50,150,May,45+
651,01-05-2023,Female,34,Beauty,2,50,100,May,25-34
652,20-05-2023,Male,54,Clothing,3,25,75,May,45+
653,21-06-2023,Male,42,Clothing,3,25,75,June,35-44
654,13-06-2023,Female,55,Clothing,1,500,500,June,45+
655,04-10-2023,Male,29,Beauty,3,30,90,October,25-34
656,11-02-2023,Male,40,Clothing,1,25,25,February,35-44
657,12-03-2023,Male,59,Clothing,1,25,25,March,45+
658,19-03-2023,Female,39,Electronics,1,30,30,March,35-44
659,29-04-2023,Female,38,Beauty,2,500,1000,April,35-44
660,16-07-2023,Female,44,Clothing,4,25,100,July,35-44
661,22-12-2023,Male,48,Beauty,2,500,1000,December,45+
662,20-03-2023,Male,23,Clothing,4,300,1200,March,18-24
663,28-12-2023,Female,44,Clothing,4,500,2000,December,35-44
664,20-04-2023,Male,57,Clothing,1,50,50,April,45+
665,02-02-2023,Male,51,Electronics,3,50,150,February,45+
666,01-08-2023,Female,29,Electronics,1,500,500,August,25-34
667,28-07-2023,Female,62,Electronics,3,50,150,July,45+
668,19-06-2023,Male,24,Beauty,4,300,1200,June,18-24
669,05-10-2023,Male,27,Beauty,1,30,30,October,25-34
670,27-08-2023,Male,62,Electronics,3,50,150,August,45+
671,01-08-2023,Female,34,Beauty,2,50,100,August,25-34
672,01-02-2023,Female,43,Clothing,3,500,1500,February,35-44
673,16-04-2023,Female,38,Clothing,1,300,300,April,35-44
674,04-08-2023,Female,45,Clothing,2,30,60,August,45+
675,19-07-2023,Male,63,Electronics,3,500,1500,July,45+
676,27-10-2023,Female,19,Beauty,3,500,1500,October,18-24
677,23-12-2023,Female,60,Electronics,3,300,900,December,45+
678,11-01-2023,Female,18,Beauty,3,30,90,January,18-24
679,22-10-2023,Female,53,Clothing,3,300,900,October,45+
680,14-07-2023,Female,43,Electronics,2,30,60,July,35-44
681,02-09-2023,Male,46,Beauty,4,300,1200,September,45+
682,04-01-2023,Male,38,Beauty,2,500,1000,January,35-44
683,30-06-2023,Female,28,Clothing,2,500,1000,June,25-34
684,02-06-2023,Male,57,Electronics,2,25,50,June,45+
685,19-07-2023,Female,28,Electronics,4,50,200,July,25-34
686,03-08-2023,Female,53,Electronics,1,300,300,August,45+
687,03-10-2023,Male,56,Clothing,4,25,100,October,45+
688,07-10-2023,Male,57,Electronics,2,50,100,October,45+
689,05-11-2023,Female,52,Clothing,3,300,900,November,45+
690,23-04-2023,Female,51,Clothing,3,30,90,April,45+
691,07-09-2023,Female,64,Clothing,2,50,100,September,45+
692,23-04-2023,Male,41,Beauty,3,500,1500,April,35-44
693,20-05-2023,Female,39,Electronics,2,25,50,May,35-44
694,12-08-2023,Female,22,Electronics,3,50,150,August,18-24
695,06-09-2023,Female,50,Clothing,4,50,200,September,45+
696,15-01-2023,Male,53,Clothing,1,500,500,January,45+
697,19-07-2023,Female,64,Electronics,1,300,300,July,45+
698,22-06-2023,Female,37,Clothing,4,30,120,June,35-44
699,09-12-2023,Male,36,Electronics,4,500,2000,December,35-44
700,14-12-2023,Female,52,Beauty,2,30,60,December,45+
701,27-07-2023,Female,60,Clothing,2,300,600,July,45+
702,26-03-2023,Male,34,Electronics,2,50,100,March,25-34
703,28-08-2023,Female,62,Clothing,3,30,90,August,45+
704,07-03-2023,Male,60,Electronics,2,25,50,March,45+
705,15-11-2023,Male,51,Electronics,4,25,100,November,45+
706,01-10-2023,Female,26,Clothing,1,500,500,October,25-34
707,14-01-2023,Female,43,Beauty,3,300,900,January,35-44
708,21-07-2023,Female,19,Electronics,2,500,1000,July,18-24
709,31-10-2023,Female,26,Electronics,3,500,1500,October,25-34
710,16-10-2023,Male,26,Electronics,3,500,1500,October,25-34
711,06-12-2023,Female,57,Beauty,2,25,50,December,45+
712,14-01-2023,Male,34,Beauty,3,25,75,January,25-34
713,12-02-2023,Female,18,Clothing,1,500,500,February,18-24
714,26-11-2023,Female,42,Beauty,4,25,100,November,35-44
715,08-08-2023,Female,60,Clothing,4,300,1200,August,45+
716,11-03-2023,Male,57,Clothing,1,500,500,March,45+
717,25-08-2023,Female,59,Beauty,3,25,75,August,45+
718,04-04-2023,Female,42,Clothing,2,30,60,April,35-44
719,26-01-2023,Female,56,Beauty,3,500,1500,January,45+
720,14-05-2023,Female,52,Clothing,1,500,500,May,45+
721,14-07-2023,Male,20,Beauty,3,300,900,July,18-24
722,17-06-2023,Female,54,Beauty,4,50,200,June,45+
723,19-04-2023,Male,61,Clothing,3,50,150,April,45+
724,21-08-2023,Male,61,Electronics,1,300,300,August,45+
725,17-06-2023,Male,47,Clothing,4,300,1200,June,45+
726,22-06-2023,Male,55,Beauty,3,300,900,June,45+
727,14-07-2023,Male,51,Electronics,3,50,150,July,45+
728,23-05-2023,Male,29,Clothing,4,300,1200,May,25-34
729,04-08-2023,Female,36,Clothing,2,25,50,August,35-44
730,10-05-2023,Male,54,Clothing,4,500,2000,May,45+
731,11-02-2023,Male,61,Electronics,2,500,1000,February,45+
732,29-08-2023,Male,34,Beauty,1,30,30,August,25-34
733,10-01-2023,Female,27,Clothing,1,30,30,January,25-34
734,04-10-2023,Female,64,Clothing,4,500,2000,October,45+
735,27-01-2023,Male,29,Clothing,4,25,100,January,25-34
736,29-06-2023,Female,33,Clothing,1,50,50,June,25-34
737,25-04-2023,Male,41,Clothing,2,50,100,April,35-44
738,29-11-2023,Male,36,Beauty,1,25,25,November,35-44
739,05-02-2023,Female,25,Beauty,4,50,200,February,25-34
740,30-11-2023,Male,48,Clothing,1,300,300,November,45+
741,21-01-2023,Female,38,Electronics,4,500,2000,January,35-44
742,16-01-2023,Female,34,Beauty,4,500,2000,January,25-34
743,07-05-2023,Male,40,Electronics,1,25,25,May,35-44
744,13-04-2023,Male,54,Beauty,2,50,100,April,45+
745,11-01-2023,Female,33,Clothing,3,30,90,January,25-34
746,15-11-2023,Male,23,Beauty,1,30,30,November,18-24
747,20-03-2023,Male,25,Clothing,3,50,150,March,25-34
748,03-05-2023,Male,42,Beauty,1,30,30,May,35-44
749,06-03-2023,Female,35,Clothing,3,25,75,March,35-44
750,31-08-2023,Female,42,Clothing,2,25,50,August,35-44
751,09-12-2023,Male,29,Clothing,2,50,100,December,25-34
752,28-02-2023,Female,32,Clothing,1,30,30,February,25-34
753,16-10-2023,Female,43,Electronics,4,25,100,October,35-44
754,22-04-2023,Female,58,Clothing,3,25,75,April,45+
755,27-08-2023,Female,62,Electronics,4,300,1200,August,45+
756,25-12-2023,Female,43,Electronics,4,300,1200,December,35-44
757,12-05-2023,Male,64,Clothing,4,25,100,May,45+
758,08-07-2023,Male,49,Electronics,2,50,100,July,45+
759,27-03-2023,Male,27,Beauty,1,500,500,March,25-34
760,07-11-2023,Female,33,Clothing,1,500,500,November,25-34
761,07-11-2023,Female,24,Electronics,2,25,50,November,18-24
762,28-02-2023,Male,34,Clothing,2,25,50,February,25-34
763,25-03-2023,Female,40,Clothing,1,25,25,March,35-44
764,09-06-2023,Male,43,Clothing,4,50,200,June,35-44
765,25-02-2023,Male,38,Electronics,3,300,900,February,35-44
766,24-10-2023,Male,39,Beauty,3,25,75,October,35-44
767,14-01-2023,Female,24,Beauty,3,25,75,January,18-24
768,09-06-2023,Female,31,Electronics,4,30,120,June,25-34
769,22-10-2023,Male,32,Clothing,1,50,50,October,25-34
770,13-12-2023,Male,24,Electronics,2,25,50,December,18-24
771,12-07-2023,Male,26,Electronics,1,30,30,July,25-34
772,23-07-2023,Male,25,Electronics,4,500,2000,July,25-34
773,12-04-2023,Female,40,Clothing,2,25,50,April,35-44
774,08-02-2023,Female,46,Electronics,4,25,100,February,45+
775,31-10-2023,Male,35,Clothing,3,30,90,October,35-44
776,20-12-2023,Male,48,Electronics,3,50,150,December,45+
777,18-11-2023,Female,47,Beauty,4,25,100,November,45+
778,05-05-2023,Female,56,Electronics,2,500,1000,May,45+
779,22-02-2023,Male,52,Electronics,2,25,50,February,45+
780,23-12-2023,Male,35,Beauty,1,500,500,December,35-44
781,04-06-2023,Male,59,Clothing,3,300,900,June,45+
782,17-12-2023,Female,56,Clothing,1,300,300,December,45+
783,04-11-2023,Female,34,Electronics,1,500,500,November,25-34
784,03-03-2023,Female,31,Beauty,4,50,200,March,25-34
785,17-10-2023,Male,48,Clothing,4,25,100,October,45+
786,22-01-2023,Male,41,Electronics,1,25,25,January,35-44
787,27-06-2023,Female,52,Beauty,3,300,900,June,45+
788,30-09-2023,Female,61,Clothing,4,500,2000,September,45+
789,08-08-2023,Male,62,Clothing,1,25,25,August,45+
790,05-12-2023,Female,51,Beauty,1,25,25,December,45+
791,09-07-2023,Female,20,Beauty,1,50,50,July,18-24
792,05-02-2023,Male,54,Beauty,1,30,30,February,45+
793,17-09-2023,Female,60,Beauty,1,300,300,September,45+
794,28-11-2023,Male,57,Electronics,1,300,300,November,45+
795,24-06-2023,Male,43,Beauty,4,30,120,June,35-44
796,07-01-2023,Male,40,Clothing,3,25,75,January,35-44
797,04-08-2023,Male,61,Clothing,1,50,50,August,45+
798,08-09-2023,Male,56,Electronics,2,50,100,September,45+
799,24-02-2023,Male,32,Clothing,4,300,1200,February,25-34
800,10-08-2023,Male,21,Clothing,4,50,200,August,18-24
801,05-07-2023,Female,46,Beauty,1,30,30,July,45+
802,22-11-2023,Male,39,Clothing,4,25,100,November,35-44
803,24-08-2023,Male,42,Electronics,1,30,30,August,35-44
804,29-12-2023,Female,30,Beauty,3,500,1500,December,25-34
805,20-03-2023,Female,35,Beauty,3,300,900,March,35-44
806,11-08-2023,Female,50,Electronics,4,50,200,August,45+
807,01-04-2023,Male,33,Beauty,4,500,2000,April,25-34
808,25-09-2023,Female,62,Beauty,2,50,100,September,45+
809,30-11-2023,Male,59,Electronics,4,25,100,November,45+
810,19-05-2023,Male,61,Beauty,2,25,50,May,45+
811,12-11-2023,Male,19,Electronics,3,25,75,November,18-24
812,03-10-2023,Male,52,Electronics,3,50,150,October,45+
813,05-09-2023,Female,59,Clothing,1,500,500,September,45+
814,27-08-2023,Female,51,Clothing,3,25,75,August,45+
815,12-08-2023,Male,47,Beauty,2,500,1000,August,45+
816,31-10-2023,Male,30,Beauty,4,50,200,October,25-34
817,18-05-2023,Male,30,Electronics,1,500,500,May,25-34
818,15-06-2023,Female,35,Beauty,2,50,100,June,35-44
819,06-05-2023,Male,49,Electronics,4,50,200,May,45+
820,14-02-2023,Male,49,Electronics,1,300,300,February,45+
821,23-05-2023,Female,52,Beauty,3,50,150,May,45+
822,19-08-2023,Female,56,Electronics,2,50,100,August,45+
823,05-05-2023,Male,63,Clothing,4,30,120,May,45+
824,26-08-2023,Female,46,Beauty,1,25,25,August,45+
825,19-10-2023,Female,46,Clothing,1,300,300,October,45+
826,09-11-2023,Male,61,Beauty,3,300,900,November,45+
827,09-12-2023,Female,33,Electronics,4,300,1200,December,25-34
828,14-07-2023,Male,61,Beauty,3,30,90,July,45+
829,22-06-2023,Female,64,Clothing,3,50,150,June,45+
830,15-01-2023,Male,27,Electronics,4,25,100,January,25-34
831,11-09-2023,Male,47,Beauty,4,500,2000,September,45+
832,16-06-2023,Male,42,Beauty,4,50,200,June,35-44
833,04-04-2023,Female,56,Beauty,2,30,60,April,45+
834,07-09-2023,Male,37,Clothing,4,50,200,September,35-44
835,19-04-2023,Female,22,Clothing,1,50,50,April,18-24
836,01-07-2023,Male,18,Beauty,3,30,90,July,18-24
837,13-05-2023,Male,47,Electronics,2,300,600,May,45+
838,24-06-2023,Female,20,Electronics,4,300,1200,June,18-24
839,24-05-2023,Male,62,Clothing,2,25,50,May,45+
840,02-11-2023,Male,31,Electronics,4,25,100,November,25-34
841,26-12-2023,Female,47,Clothing,2,300,600,December,45+
842,22-05-2023,Male,21,Beauty,3,500,1500,May,18-24
843,12-10-2023,Male,35,Clothing,3,50,150,October,35-44
844,06-01-2023,Male,54,Clothing,1,500,500,January,45+
845,22-09-2023,Male,42,Beauty,1,50,50,September,35-44
846,08-04-2023,Female,18,Electronics,4,300,1200,April,18-24
847,13-02-2023,Female,63,Clothing,3,25,75,February,45+
848,04-05-2023,Male,32,Clothing,2,25,50,May,25-34
849,28-07-2023,Female,26,Beauty,2,500,1000,July,25-34
850,08-09-2023,Male,32,Electronics,2,25,50,September,25-34
851,12-10-2023,Female,41,Clothing,1,300,300,October,35-44
852,04-05-2023,Male,21,Beauty,2,500,1000,May,18-24
853,20-12-2023,Male,29,Clothing,1,50,50,December,25-34
854,01-09-2023,Male,54,Beauty,1,25,25,September,45+
855,27-11-2023,Male,54,Electronics,4,30,120,November,45+
856,31-12-2023,Male,60,Electronics,2,25,50,December,45+
857,09-09-2023,Male,23,Electronics,2,50,100,September,18-24
858,18-08-2023,Female,56,Electronics,3,500,1500,August,45+
859,09-01-2023,Male,63,Clothing,4,50,200,January,45+
860,17-02-2023,Female,41,Clothing,3,30,90,February,35-44
861,31-05-2023,Male,28,Electronics,4,300,1200,May,25-34
862,24-04-2023,Female,30,Electronics,2,25,50,April,25-34
863,27-07-2023,Female,51,Electronics,1,500,500,July,45+
864,21-12-2023,Female,42,Clothing,1,300,300,December,35-44
865,05-05-2023,Male,24,Electronics,1,50,50,May,18-24
866,06-06-2023,Male,21,Electronics,1,500,500,June,18-24
867,06-12-2023,Female,25,Electronics,1,300,300,December,25-34
868,25-10-2023,Male,37,Beauty,3,500,1500,October,35-44
869,08-07-2023,Female,46,Electronics,4,30,120,July,45+
870,31-08-2023,Male,62,Beauty,2,30,60,August,45+
871,11-10-2023,Female,63,Beauty,3,25,75,October,45+
872,29-09-2023,Female,27,Electronics,4,25,100,September,25-34
873,26-06-2023,Male,60,Beauty,1,30,30,June,45+
874,06-08-2023,Female,51,Electronics,4,500,2000,August,45+
875,09-10-2023,Male,43,Clothing,4,30,120,October,35-44
876,19-06-2023,Female,58,Clothing,1,25,25,June,45+
877,30-06-2023,Female,20,Clothing,1,30,30,June,18-24
878,26-12-2023,Male,23,Clothing,1,30,30,December,18-24
879,21-08-2023,Male,22,Beauty,2,500,1000,August,18-24
880,19-05-2023,Male,22,Electronics,1,300,300,May,18-24
881,06-06-2023,Female,64,Electronics,2,25,50,June,45+
882,09-05-2023,Male,40,Electronics,1,500,500,May,35-44
883,29-04-2023,Female,26,Clothing,2,30,60,April,25-34
884,03-03-2023,Female,52,Clothing,4,30,120,March,45+
885,09-04-2023,Male,37,Electronics,3,300,900,April,35-44
886,11-06-2023,Male,59,Clothing,4,25,100,June,45+
887,03-03-2023,Female,52,Electronics,4,25,100,March,45+
888,02-10-2023,Female,35,Electronics,1,50,50,October,35-44
889,20-12-2023,Male,34,Electronics,2,25,50,December,25-34
890,05-04-2023,Male,41,Electronics,3,300,900,April,35-44
891,09-04-2023,Male,20,Electronics,1,50,50,April,18-24
892,21-04-2023,Male,49,Electronics,1,50,50,April,45+
893,05-09-2023,Male,52,Electronics,1,30,30,September,45+
894,22-05-2023,Female,55,Clothing,4,30,120,May,45+
895,29-10-2023,Female,30,Electronics,2,25,50,October,25-34
896,26-09-2023,Female,64,Electronics,2,50,100,September,45+
897,02-11-2023,Female,42,Clothing,3,30,90,November,35-44
898,25-05-2023,Male,26,Clothing,2,300,600,May,25-34
899,21-02-2023,Male,21,Clothing,2,30,60,February,18-24
900,10-04-2023,Male,31,Electronics,1,30,30,April,25-34
901,01-06-2023,Female,54,Beauty,1,50,50,June,45+
902,27-04-2023,Female,51,Beauty,4,50,200,April,45+
903,04-07-2023,Male,28,Clothing,1,500,500,July,25-34
904,02-04-2023,Male,58,Beauty,1,300,300,April,45+
905,04-06-2023,Female,20,Clothing,1,50,50,June,18-24
906,08-01-2023,Female,45,Electronics,1,25,25,January,45+
907,29-12-2023,Male,46,Beauty,4,300,1200,December,45+
908,01-10-2023,Male,26,Electronics,1,300,300,October,25-34
909,06-03-2023,Female,20,Beauty,3,50,150,March,18-24
910,21-05-2023,Male,42,Electronics,3,300,900,May,35-44
911,24-01-2023,Male,51,Beauty,3,50,150,January,45+
912,28-01-2023,Male,29,Electronics,3,30,90,January,25-34
913,11-10-2023,Female,59,Electronics,1,500,500,October,45+
914,30-05-2023,Female,26,Beauty,3,30,90,May,25-34
915,24-12-2023,Female,32,Electronics,1,50,50,December,25-34
916,06-03-2023,Female,57,Electronics,4,50,200,March,45+
917,23-11-2023,Female,42,Electronics,3,30,90,November,35-44
918,09-09-2023,Female,22,Beauty,2,25,50,September,18-24
919,22-02-2023,Female,28,Beauty,3,25,75,February,25-34
920,07-01-2023,Male,51,Electronics,3,25,75,January,45+
921,21-10-2023,Male,41,Electronics,1,50,50,October,35-44
922,26-05-2023,Male,32,Beauty,3,300,900,May,25-34
923,29-08-2023,Male,55,Beauty,2,50,100,August,45+
924,03-09-2023,Male,25,Electronics,1,300,300,September,25-34
925,14-08-2023,Male,22,Electronics,1,30,30,August,18-24
926,24-06-2023,Male,43,Electronics,4,500,2000,June,35-44
927,05-04-2023,Female,35,Clothing,4,300,1200,April,35-44
928,27-01-2023,Female,23,Beauty,3,25,75,January,18-24
929,10-05-2023,Male,54,Clothing,4,50,200,May,45+
930,02-09-2023,Male,30,Beauty,4,30,120,September,25-34
931,28-02-2023,Female,45,Beauty,4,25,100,February,45+
932,03-02-2023,Male,22,Beauty,1,30,30,February,18-24
933,25-07-2023,Male,30,Beauty,1,500,500,July,25-34
934,09-09-2023,Female,34,Beauty,1,50,50,September,25-34
935,07-02-2023,Male,57,Beauty,4,50,200,February,45+
936,23-10-2023,Female,62,Beauty,1,500,500,October,45+
937,19-11-2023,Male,49,Clothing,4,50,200,November,45+
938,18-12-2023,Female,46,Electronics,1,300,300,December,45+
939,28-01-2023,Female,20,Electronics,1,30,30,January,18-24
940,19-03-2023,Female,57,Clothing,2,25,50,March,45+
941,18-03-2023,Male,51,Clothing,3,500,1500,March,45+
942,16-10-2023,Female,57,Clothing,4,300,1200,October,45+
943,05-06-2023,Male,44,Clothing,2,25,50,June,35-44
944,13-02-2023,Male,30,Beauty,1,25,25,February,25-34
945,08-05-2023,Male,62,Electronics,4,500,2000,May,45+
946,02-03-2023,Male,50,Beauty,1,300,300,March,45+
947,13-10-2023,Female,23,Electronics,3,25,75,October,18-24
948,02-08-2023,Female,41,Electronics,2,25,50,August,35-44
949,07-11-2023,Male,36,Clothing,3,300,900,November,35-44
950,02-11-2023,Male,33,Beauty,2,50,100,November,25-34
951,13-11-2023,Female,57,Clothing,1,25,25,November,45+
952,26-04-2023,Male,45,Beauty,3,30,90,April,45+
953,25-09-2023,Female,50,Electronics,3,300,900,September,45+
954,14-07-2023,Male,58,Clothing,1,25,25,July,45+
955,19-08-2023,Male,30,Clothing,3,500,1500,August,25-34
956,15-08-2023,Female,60,Electronics,4,30,120,August,45+
957,02-06-2023,Male,62,Electronics,2,25,50,June,45+
958,29-10-2023,Female,42,Electronics,2,30,60,October,35-44
959,08-08-2023,Male,59,Clothing,2,30,60,August,45+
960,06-06-2023,Male,53,Beauty,4,50,200,June,45+
961,19-10-2023,Male,44,Clothing,2,30,60,October,35-44
962,14-11-2023,Female,55,Beauty,1,50,50,November,45+
963,31-01-2023,Male,24,Clothing,3,300,900,January,18-24
964,09-11-2023,Male,22,Clothing,4,50,200,November,18-24
965,20-02-2023,Male,60,Electronics,2,500,1000,February,45+
966,17-04-2023,Male,62,Beauty,1,25,25,April,45+
967,17-11-2023,Female,48,Clothing,3,300,900,November,45+
968,19-04-2023,Female,40,Clothing,3,300,900,April,35-44
969,16-05-2023,Male,59,Electronics,4,500,2000,May,45+
970,05-12-2023,Female,27,Electronics,4,50,200,December,25-34
971,11-02-2023,Male,49,Beauty,4,25,100,February,45+
972,22-03-2023,Male,60,Clothing,1,50,50,March,45+
973,03-05-2023,Male,47,Beauty,1,30,30,May,45+
974,30-03-2023,Female,56,Clothing,4,50,200,March,45+
975,10-10-2023,Female,48,Beauty,2,300,600,October,45+
976,08-02-2023,Female,35,Electronics,3,25,75,February,35-44
977,22-03-2023,Female,53,Clothing,3,50,150,March,45+
978,02-01-2023,Female,19,Beauty,1,25,25,January,18-24
979,29-07-2023,Female,31,Electronics,3,25,75,July,25-34
980,19-08-2023,Female,30,Electronics,2,30,60,August,25-34
981,19-12-2023,Female,46,Beauty,3,30,90,December,45+
982,01-11-2023,Female,29,Clothing,1,300,300,November,25-34
983,29-08-2023,Male,56,Clothing,1,500,500,August,45+
984,30-05-2023,Female,19,Electronics,2,25,50,May,18-24
985,17-01-2023,Female,49,Clothing,2,500,1000,January,45+
986,29-04-2023,Female,30,Clothing,3,300,900,April,25-34
987,28-05-2023,Female,63,Clothing,3,25,75,May,45+
988,28-12-2023,Female,44,Electronics,1,25,25,December,35-44
989,25-05-2023,Female,58,Beauty,2,500,1000,May,45+
990,26-12-2023,Female,34,Clothing,2,50,100,December,25-34
991,21-08-2023,Female,57,Electronics,2,30,60,August,45+
992,06-02-2023,Female,48,Electronics,3,50,150,February,45+
993,18-12-2023,Female,51,Beauty,2,500,1000,December,45+
994,30-04-2023,Female,41,Clothing,1,30,30,April,35-44
995,16-05-2023,Male,62,Clothing,1,50,50,May,45+
996,17-11-2023,Male,52,Beauty,3,30,90,November,45+
997,29-10-2023,Female,23,Beauty,4,25,100,October,18-24
998,05-12-2023,Female,36,Electronics,3,50,150,December,35-44
999,12-04-2023,Male,47,Electronics,4,30,120,April,45+
